Date;SERVICE_ID (Trip_ID);trip text description;Nb sub-trips;Diagram;SERIE_ID;Unit;Origin;Service_Number;Departure time;Destination;Service_Number_2;Expected_Finish;Counter type 1;Diagram_Counter Expense
10.02.2017;20170210_New_5A00;5A00;0;New;20170210_New;UK390002;WembleyID;5A00;10.02.2017 11:30;Euston;5A00;10.02.2017 11:50;Miles;7.May
10.02.2017;20170210_New_5A49;5A49;0;New;20170210_New;UK390130;LongstCMD;5A49;10.02.2017 14:09;ManchstrP;5A49;10.02.2017 14:30;Miles;Oca.68
10.02.2017;20170210_New_5H26;5H26;0;New;20170210_New;UK390005;ManchstrP;5H26;10.02.2017 15:15;LongstCMD;5H26;10.02.2017 15:30;Miles;Oca.68
10.02.2017;20170210_New_5Z14;5Z14;0;New;20170210_New;UK390121;Euston;5Z14;10.02.2017 11:10;WembleyID;5Z14;10.02.2017 11:30;Miles;7.May
10.02.2017;20170210_VW101_1A31;1A31;0;VW101;20170210_VW101;UK390119;ManchstrP;1A31;10.02.2017 11:55;Euston;1A31;10.02.2017 14:03;Miles;188.93
10.02.2017;20170210_VW101_1A57;1A57;0;VW101;20170210_VW101;UK390119;ManchstrP;1A57;10.02.2017 17:15;Euston;1A57;10.02.2017 19:24;Miles;183.67
10.02.2017;20170210_VW101_1H07;1H07;0;VW101;20170210_VW101;UK390127;Euston;1H07;10.02.2017 20:00;ManchstrP;1H07;10.02.2017 22:04;Miles;183.67
10.02.2017;20170210_VW101_1H15;1H15;0;VW101;20170210_VW101;UK390119;Euston;1H15;10.02.2017 09:20;ManchstrP;1H15;10.02.2017 11:28;Miles;183.67
10.02.2017;20170210_VW101_1H69;1H69;0;VW101;20170210_VW101;UK390119;Euston;1H69;10.02.2017 14:40;ManchstrP;1H69;10.02.2017 16:46;Miles;188.93
10.02.2017;20170210_VW101_1R16;1R16;0;VW101;20170210_VW101;UK390119;Bham Intl;1R16;10.02.2017 07:41;Euston;1R16;10.02.2017 08:50;Miles;104.73
10.02.2017;20170210_VW101_5H07;5H07;0;VW101;20170210_VW101;UK390127;ManchstrP;5H07;10.02.2017 22:36;LongstCMD;5H07;10.02.2017 22:47;Miles;Oca.68
10.02.2017;20170210_VW101_5R16;5R16;0;VW101;20170210_VW101;UK390119;Oxley CMD;5R16;10.02.2017 06:16;Bham Intl;5R16;10.02.2017 07:09;Miles;21.73
10.02.2017;20170210_VW102_1A55;1A55;0;VW102;20170210_VW102;UK390010;Lime St;1A55;10.02.2017 16:47;Euston;1A55;10.02.2017 19:03;Miles;193.71
10.02.2017;20170210_VW102_1B40;1B40;0;VW102;20170210_VW102;UK390010;New St.;1B40;10.02.2017 11:50;Euston;1B40;10.02.2017 13:14;Miles;112.95
10.02.2017;20170210_VW102_1B45;1B45;1;VW102;20170210_VW102;UK390010;Wolvrhptn;1B45;10.02.2017 21:45;New St.;1B45;10.02.2017 22:06;Miles;Ara.89
10.02.2017;20170210_VW102_1B45d2;1B45;2;VW102;20170210_VW102;UK390010;New St.;1B45;10.02.2017 22:10;Euston;1B45;11.02.2017 00:04;Miles;112.95
10.02.2017;20170210_VW102_1F18;1F18;0;VW102;20170210_VW102;UK390010;Euston;1F18;10.02.2017 14:07;Lime St;1F18;10.02.2017 16:20;Miles;193.71
10.02.2017;20170210_VW102_5B45;5B45;0;VW102;20170210_VW102;UK390010;Euston;5B45;11.02.2017 00:44;WembleyID;5B45;11.02.2017 01:03;Miles;7.May
10.02.2017;20170210_VW102_5R23;5R23;0;VW102;20170210_VW102;UK390010;LongstCMD;5R23;10.02.2017 05:49;ManchstrP;5R23;10.02.2017 06:00;Miles;Oca.68
10.02.2017;20170210_VW102_9G13;9G13;0;VW102;20170210_VW102;UK390010;Euston;9G13;10.02.2017 10:03;New St.;9G13;10.02.2017 11:26;Miles;112.95
10.02.2017;20170210_VW102_9G41;9G41;1;VW102;20170210_VW102;UK390010;Euston;9G41;10.02.2017 19:23;New St.;9G41;10.02.2017 20:45;Miles;112.95
10.02.2017;20170210_VW102_9G41d2;9G41;2;VW102;20170210_VW102;UK390010;New St.;9G41;10.02.2017 20:50;Wolvrhptn;9G41;10.02.2017 21:10;Miles;Ara.89
10.02.2017;20170210_VW102_9R23;9R23;0;VW102;20170210_VW102;UK390010;ManchstrP;9R23;10.02.2017 06:27;Euston;9R23;10.02.2017 09:33;Miles;194.71
10.02.2017;20170210_VW103_1A46;1A46;0;VW103;20170210_VW103;UK390009;ManchstrP;1A46;10.02.2017 14:55;Euston;1A46;10.02.2017 17:02;Miles;188.93
10.02.2017;20170210_VW103_1A72;1A72;0;VW103;20170210_VW103;UK390043;ManchstrP;1A72;10.02.2017 20:15;Euston;1A72;10.02.2017 22:28;Miles;183.67
10.02.2017;20170210_VW103_1B32;1B32;0;VW103;20170210_VW103;UK390009;New St.;1B32;10.02.2017 10:30;Euston;1B32;10.02.2017 11:55;Miles;112.95
10.02.2017;20170210_VW103_1H14;1H14;0;VW103;20170210_VW103;UK390043;Euston;1H14;10.02.2017 23:00;ManchstrP;1H14;11.02.2017 01:59;Miles;183.67
10.02.2017;20170210_VW103_1H24;1H24;0;VW103;20170210_VW103;UK390009;Euston;1H24;10.02.2017 12:20;ManchstrP;1H24;10.02.2017 14:28;Miles;183.67
10.02.2017;20170210_VW103_1H72;1H72;0;VW103;20170210_VW103;UK390043;Euston;1H72;10.02.2017 17:40;ManchstrP;1H72;10.02.2017 19:46;Miles;188.93
10.02.2017;20170210_VW103_1R06;1R06;1;VW103;20170210_VW103;UK390009;Wolvrhptn;1R06;10.02.2017 06:04;New St.;1R06;10.02.2017 06:24;Miles;Ara.89
10.02.2017;20170210_VW103_1R06d2;1R06;2;VW103;20170210_VW103;UK390009;New St.;1R06;10.02.2017 06:30;Euston;1R06;10.02.2017 07:53;Miles;112.95
10.02.2017;20170210_VW103_5H14;5H14;0;VW103;20170210_VW103;UK390043;ManchstrP;5H14;11.02.2017 02:15;LongstCMD;5H14;11.02.2017 02:26;Miles;Oca.68
10.02.2017;20170210_VW103_5R06;5R06;0;VW103;20170210_VW103;UK390009;Oxley CMD;5R06;10.02.2017 05:44;Wolvrhptn;5R06;10.02.2017 05:54;Miles;1.May
10.02.2017;20170210_VW103_9G98;9G98;0;VW103;20170210_VW103;UK390009;Euston;9G98;10.02.2017 08:23;New St.;9G98;10.02.2017 09:45;Miles;112.95
10.02.2017;20170210_VW104_1M12;1M12;0;VW104;20170210_VW104;UK390040;Glas Cen.;1M12;10.02.2017 11:40;Euston;1M12;10.02.2017 16:09;Miles;401.49
10.02.2017;20170210_VW104_1S37;1S37;0;VW104;20170210_VW104;UK390040;Euston;1S37;10.02.2017 05:31;Glas Cen.;1S37;10.02.2017 10:31;Miles;401.49
10.02.2017;20170210_VW104_1S87;1S87;0;VW104;20170210_VW104;UK390141;Euston;1S87;10.02.2017 16:57;Glas Cen.;1S87;10.02.2017 21:43;Miles;401.49
10.02.2017;20170210_VW104_5M87;5M87;0;VW104;20170210_VW104;UK390141;Glas Cen.;5M87;10.02.2017 22:03;Preston;5M87;11.02.2017 01:09;Miles;192.43
10.02.2017;20170210_VW104_5S37;5S37;0;VW104;20170210_VW104;UK390040;WembleyID;5S37;10.02.2017 04:30;Euston;5S37;10.02.2017 04:50;Miles;7.May
10.02.2017;20170210_VW105_1A61;1A61;0;VW105;20170210_VW105;UK390124;ManchstrP;1A61;10.02.2017 17:56;Euston;1A61;10.02.2017 20:08;Miles;188.93
10.02.2017;20170210_VW105_1H33;1H33;0;VW105;20170210_VW105;UK390124;Euston;1H33;10.02.2017 15:20;ManchstrP;1H33;10.02.2017 17:34;Miles;183.67
10.02.2017;20170210_VW105_1H75;1H75;0;VW105;20170210_VW105;UK390114;Euston;1H75;10.02.2017 20:40;ManchstrP;1H75;10.02.2017 22:48;Miles;188.93
10.02.2017;20170210_VW105_1M10;1M10;0;VW105;20170210_VW105;UK390124;Glas Cen.;1M10;10.02.2017 09:40;Euston;1M10;10.02.2017 14:10;Miles;401.49
10.02.2017;20170210_VW105_5H75;5H75;0;VW105;20170210_VW105;UK390114;ManchstrP;5H75;10.02.2017 23:17;LongstCMD;5H75;10.02.2017 23:28;Miles;Oca.68
10.02.2017;20170210_VW105_5M10;5M10;0;VW105;20170210_VW105;UK390124;PoldieCMD;5M10;10.02.2017 09:00;Glas Cen.;5M10;10.02.2017 09:16;Miles;Þub.15
10.02.2017;20170210_VW106_1B29;1B29;0;VW106;20170210_VW106;UK390104;New St.;1B29;10.02.2017 08:50;Euston;1B29;10.02.2017 10:13;Miles;112.95
10.02.2017;20170210_VW106_5G04;5G04;0;VW106;20170210_VW106;UK390104;WembleyID;5G04;10.02.2017 05:48;Euston;5G04;10.02.2017 06:06;Miles;7.May
10.02.2017;20170210_VW106_5M60;5M60;0;VW106;20170210_VW106;UK390152;Euston;5M60;10.02.2017 23:17;WembleyID;5M60;10.02.2017 23:38;Miles;7.May
10.02.2017;20170210_VW106_9G04;9G04;0;VW106;20170210_VW106;UK390104;Euston;9G04;10.02.2017 07:03;New St.;9G04;10.02.2017 08:26;Miles;112.95
10.02.2017;20170210_VW106_9M60;9M60;1;VW106;20170210_VW106;UK390104;Edinburgh;9M60;10.02.2017 16:52;New St.;9M60;10.02.2017 21:06;Miles;295.66
10.02.2017;20170210_VW106_9M60d2;9M60;2;VW106;20170210_VW106;UK390104;New St.;9M60;10.02.2017 21:10;Euston;9M60;10.02.2017 22:41;Miles;112.95
10.02.2017;20170210_VW106_9S60;9S60;1;VW106;20170210_VW106;UK390104;Euston;9S60;10.02.2017 10:43;New St.;9S60;10.02.2017 12:05;Miles;112.95
10.02.2017;20170210_VW106_9S60d2;9S60;2;VW106;20170210_VW106;UK390104;New St.;9S60;10.02.2017 12:15;Edinburgh;9S60;10.02.2017 16:22;Miles;295.66
10.02.2017;20170210_VW107_1B94;1B94;0;VW107;20170210_VW107;UK390152;New St.;1B94;10.02.2017 20:50;Euston;1B94;10.02.2017 22:13;Miles;112.95
10.02.2017;20170210_VW107_5G49;5G49;0;VW107;20170210_VW107;UK390104;Wolvrhptn;5G49;11.02.2017 02:20;Oxley CMD;5G49;11.02.2017 02:25;Miles;1.May
10.02.2017;20170210_VW107_5S44;5S44;0;VW107;20170210_VW107;UK390131;WembleyID;5S44;10.02.2017 05:35;Euston;5S44;10.02.2017 05:55;Miles;7.May
10.02.2017;20170210_VW107_9G40;9G40;0;VW107;20170210_VW107;UK390152;Euston;9G40;10.02.2017 19:03;New St.;9G40;10.02.2017 20:26;Miles;112.95
10.02.2017;20170210_VW107_9G49;9G49;1;VW107;20170210_VW107;UK390104;Euston;9G49;10.02.2017 23:30;New St.;9G49;11.02.2017 01:41;Miles;115.04
10.02.2017;20170210_VW107_9G49d2;9G49;2;VW107;20170210_VW107;UK390104;New St.;9G49;11.02.2017 01:44;Wolvrhptn;9G49;11.02.2017 02:10;Miles;15.65
10.02.2017;20170210_VW107_9M56;9M56;1;VW107;20170210_VW107;UK390131;Edinburgh;9M56;10.02.2017 12:52;New St.;9M56;10.02.2017 17:05;Miles;295.66
10.02.2017;20170210_VW107_9M56d2;9M56;2;VW107;20170210_VW107;UK390131;New St.;9M56;10.02.2017 17:10;Euston;9M56;10.02.2017 18:34;Miles;112.95
10.02.2017;20170210_VW107_9S44;9S44;1;VW107;20170210_VW107;UK390131;Euston;9S44;10.02.2017 06:43;New St.;9S44;10.02.2017 08:09;Miles;112.95
10.02.2017;20170210_VW107_9S44d2;9S44;2;VW107;20170210_VW107;UK390131;New St.;9S44;10.02.2017 08:16;Edinburgh;9S44;10.02.2017 12:22;Miles;295.66
10.02.2017;20170210_VW108_1A59;1A59;0;VW108;20170210_VW108;UK390127;ManchstrP;1A59;10.02.2017 17:35;Euston;1A59;10.02.2017 19:41;Miles;183.67
10.02.2017;20170210_VW108_1B46;1B46;0;VW108;20170210_VW108;UK390129;New St.;1B46;10.02.2017 12:50;Euston;1B46;10.02.2017 14:14;Miles;112.95
10.02.2017;20170210_VW108_1F27;1F27;0;VW108;20170210_VW108;UK390124;Euston;1F27;10.02.2017 20:07;Lime St;1F27;10.02.2017 22:22;Miles;193.71
10.02.2017;20170210_VW108_1H32;1H32;0;VW108;20170210_VW108;UK390127;Euston;1H32;10.02.2017 15:00;ManchstrP;1H32;10.02.2017 17:04;Miles;183.67
10.02.2017;20170210_VW108_5A31;5A31;1;VW108;20170210_VW108;UK390129;EdgeHlDHS;5A31;10.02.2017 03:06;Crewe;5A31;10.02.2017 03:44;Miles;34.13
10.02.2017;20170210_VW108_5A31d2;5A31;2;VW108;20170210_VW108;UK390129;Crewe;5A31;10.02.2017 03:59;Preston;5A31;10.02.2017 04:47;Miles;50.99
10.02.2017;20170210_VW108_5A31d3;5A31;3;VW108;20170210_VW108;UK390129;Preston;5A31;10.02.2017 05:12;CrstrsSJn;5A31;10.02.2017 05:39;Miles;27.21
10.02.2017;20170210_VW108_5A31d4;5A31;4;VW108;20170210_VW108;UK390129;CrstrsSJn;5A31;10.02.2017 06:36;Lancaster;5A31;10.02.2017 06:44;Miles;Haz.23
10.02.2017;20170210_VW108_5F27;5F27;0;VW108;20170210_VW108;UK390124;Lime St;5F27;10.02.2017 22:42;EdgeHlDHS;5F27;10.02.2017 22:52;Miles;1.May
10.02.2017;20170210_VW108_9A31;9A31;1;VW108;20170210_VW108;UK390129;Lancaster;9A31;10.02.2017 06:58;New St.;9A31;10.02.2017 09:05;Miles;124.66
10.02.2017;20170210_VW108_9A31d2;9A31;2;VW108;20170210_VW108;UK390129;New St.;9A31;10.02.2017 09:10;Euston;9A31;10.02.2017 10:32;Miles;112.95
10.02.2017;20170210_VW108_9G16;9G16;0;VW108;20170210_VW108;UK390129;Euston;9G16;10.02.2017 11:03;New St.;9G16;10.02.2017 12:26;Miles;112.95
10.02.2017;20170210_VW109_1A24;1A24;0;VW109;20170210_VW109;UK390138;ManchstrP;1A24;10.02.2017 10:35;Euston;1A24;10.02.2017 12:40;Miles;183.67
10.02.2017;20170210_VW109_1A51;1A51;0;VW109;20170210_VW109;UK390138;ManchstrP;1A51;10.02.2017 15:55;Euston;1A51;10.02.2017 18:02;Miles;188.93
10.02.2017;20170210_VW109_1F25;1F25;0;VW109;20170210_VW109;UK390129;Euston;1F25;10.02.2017 18:34;Lime St;1F25;10.02.2017 20:53;Miles;193.71
10.02.2017;20170210_VW109_1H11;1H11;0;VW109;20170210_VW109;UK390138;Euston;1H11;10.02.2017 08:00;ManchstrP;1H11;10.02.2017 10:04;Miles;183.67
10.02.2017;20170210_VW109_1H27;1H27;0;VW109;20170210_VW109;UK390138;Euston;1H27;10.02.2017 13:20;ManchstrP;1H27;10.02.2017 15:28;Miles;183.67
10.02.2017;20170210_VW109_1R02;1R02;0;VW109;20170210_VW109;UK390138;ManchstrP;1R02;10.02.2017 05:05;Euston;1R02;10.02.2017 07:26;Miles;188.93
10.02.2017;20170210_VW109_5F25;5F25;0;VW109;20170210_VW109;UK390129;Lime St;5F25;10.02.2017 21:13;EdgeHlDHS;5F25;10.02.2017 21:23;Miles;1.May
10.02.2017;20170210_VW109_5R02;5R02;0;VW109;20170210_VW109;UK390138;LongstCMD;5R02;10.02.2017 04:24;ManchstrP;5R02;10.02.2017 04:35;Miles;Oca.68
10.02.2017;20170210_VW110_1A34;1A34;0;VW110;20170210_VW110;UK390008;ManchstrP;1A34;10.02.2017 12:35;Euston;1A34;10.02.2017 14:41;Miles;183.67
10.02.2017;20170210_VW110_1B74;1B74;0;VW110;20170210_VW110;UK390156;New St.;1B74;10.02.2017 17:30;Euston;1B74;10.02.2017 18:56;Miles;112.95
10.02.2017;20170210_VW110_1H05;1H05;0;VW110;20170210_VW110;UK390126;Euston;1H05;10.02.2017 19:20;ManchstrP;1H05;10.02.2017 21:28;Miles;183.67
10.02.2017;20170210_VW110_1H17;1H17;0;VW110;20170210_VW110;UK390008;Euston;1H17;10.02.2017 10:00;ManchstrP;1H17;10.02.2017 12:04;Miles;183.67
10.02.2017;20170210_VW110_1R20;1R20;0;VW110;20170210_VW110;UK390008;Glas Cen.;1R20;10.02.2017 04:28;Euston;1R20;10.02.2017 09:07;Miles;402.19
10.02.2017;20170210_VW110_5H05;5H05;0;VW110;20170210_VW110;UK390126;ManchstrP;5H05;10.02.2017 21:57;LongstCMD;5H05;10.02.2017 22:08;Miles;Oca.68
10.02.2017;20170210_VW110_5R20;5R20;0;VW110;20170210_VW110;UK390008;PoldieCMD;5R20;10.02.2017 03:55;Glas Cen.;5R20;10.02.2017 04:05;Miles;Þub.15
10.02.2017;20170210_VW110_9G29;9G29;0;VW110;20170210_VW110;UK390156;Euston;9G29;10.02.2017 15:23;New St.;9G29;10.02.2017 16:45;Miles;112.95
10.02.2017;20170210_VW111_1A26;1A26;0;VW111;20170210_VW111;UK390153;ManchstrP;1A26;10.02.2017 10:55;Euston;1A26;10.02.2017 13:02;Miles;188.93
10.02.2017;20170210_VW111_1A52;1A52;0;VW111;20170210_VW111;UK390153;ManchstrP;1A52;10.02.2017 16:15;Euston;1A52;10.02.2017 18:21;Miles;183.67
10.02.2017;20170210_VW111_1H04;1H04;0;VW111;20170210_VW111;UK390153;Euston;1H04;10.02.2017 19:00;ManchstrP;1H04;10.02.2017 21:04;Miles;183.67
10.02.2017;20170210_VW111_1H12;1H12;0;VW111;20170210_VW111;UK390153;Euston;1H12;10.02.2017 08:20;ManchstrP;1H12;10.02.2017 10:28;Miles;183.67
10.02.2017;20170210_VW111_1H68;1H68;0;VW111;20170210_VW111;UK390153;Euston;1H68;10.02.2017 13:40;ManchstrP;1H68;10.02.2017 15:46;Miles;188.93
10.02.2017;20170210_VW111_1R05;1R05;0;VW111;20170210_VW111;UK390153;Lime St;1R05;10.02.2017 05:26;Euston;1R05;10.02.2017 07:50;Miles;193.71
10.02.2017;20170210_VW111_5G04;5G04;1;VW111;20170210_VW111;UK390153;ManchstrP;5G04;10.02.2017 21:52;Crewe;5G04;10.02.2017 22:33;Miles;30.86
10.02.2017;20170210_VW111_5G04d2;5G04;2;VW111;20170210_VW111;UK390153;Crewe;5G04;10.02.2017 22:41;Wolvrhptn;5G04;10.02.2017 23:38;Miles;46.09
10.02.2017;20170210_VW111_5G04d3;5G04;3;VW111;20170210_VW111;UK390153;Wolvrhptn;5G04;10.02.2017 23:53;Oxley CMD;5G04;10.02.2017 23:58;Miles;1.May
10.02.2017;20170210_VW111_5R05;5R05;0;VW111;20170210_VW111;UK390153;EdgeHlDHS;5R05;10.02.2017 04:16;Lime St;5R05;10.02.2017 04:26;Miles;1.May
10.02.2017;20170210_VW112_1A30;1A30;0;VW112;20170210_VW112;UK390155;Lime St;1A30;10.02.2017 11:47;Euston;1A30;10.02.2017 14:00;Miles;193.71
10.02.2017;20170210_VW112_1F13;1F13;0;VW112;20170210_VW112;UK390155;Euston;1F13;10.02.2017 09:07;Lime St;1F13;10.02.2017 11:19;Miles;193.71
10.02.2017;20170210_VW112_1M87;1M87;0;VW112;20170210_VW112;UK390155;Glas Cen.;1M87;10.02.2017 20:10;Crewe;1M87;10.02.2017 23:26;Miles;243.42
10.02.2017;20170210_VW112_1R11;1R11;0;VW112;20170210_VW112;UK390155;Lime St;1R11;10.02.2017 06:05;Euston;1R11;10.02.2017 08:23;Miles;193.71
10.02.2017;20170210_VW112_1S72;1S72;0;VW112;20170210_VW112;UK390155;Euston;1S72;10.02.2017 14:30;Glas Cen.;1S72;10.02.2017 19:15;Miles;401.49
10.02.2017;20170210_VW112_5G87;5G87;1;VW112;20170210_VW112;UK390155;Crewe;5G87;10.02.2017 23:45;Wolvrhptn;5G87;11.02.2017 00:28;Miles;39.79
10.02.2017;20170210_VW112_5G87d2;5G87;2;VW112;20170210_VW112;UK390155;Wolvrhptn;5G87;11.02.2017 00:43;Oxley CMD;5G87;11.02.2017 00:48;Miles;1.May
10.02.2017;20170210_VW112_5R11;5R11;0;VW112;20170210_VW112;UK390155;EdgeHlDHS;5R11;10.02.2017 05:05;Lime St;5R11;10.02.2017 05:15;Miles;1.May
10.02.2017;20170210_VW113_1B46;1B46;1;VW113;20170210_VW113;UK390046;Wolvrhptn;1B46;10.02.2017 22:46;New St.;1B46;10.02.2017 23:07;Miles;Ara.89
10.02.2017;20170210_VW113_1B46d2;1B46;2;VW113;20170210_VW113;UK390046;New St.;1B46;10.02.2017 23:10;Euston;1B46;11.02.2017 01:13;Miles;115.04
10.02.2017;20170210_VW113_1R01;1R01;1;VW113;20170210_VW113;UK390046;Wolvrhptn;1R01;10.02.2017 05:24;New St.;1R01;10.02.2017 05:43;Miles;Ara.89
10.02.2017;20170210_VW113_1R01d2;1R01;2;VW113;20170210_VW113;UK390046;New St.;1R01;10.02.2017 05:50;Euston;1R01;10.02.2017 07:13;Miles;112.95
10.02.2017;20170210_VW113_5B46;5B46;0;VW113;20170210_VW113;UK390046;Euston;5B46;11.02.2017 01:30;WembleyID;5B46;11.02.2017 01:48;Miles;7.May
10.02.2017;20170210_VW113_5R01;5R01;0;VW113;20170210_VW113;UK390046;Oxley CMD;5R01;10.02.2017 05:00;Wolvrhptn;5R01;10.02.2017 05:05;Miles;1.May
10.02.2017;20170210_VW113_9G43;9G43;1;VW113;20170210_VW113;UK390046;Euston;9G43;10.02.2017 20:03;New St.;9G43;10.02.2017 21:26;Miles;112.95
10.02.2017;20170210_VW113_9G43d2;9G43;2;VW113;20170210_VW113;UK390046;New St.;9G43;10.02.2017 21:29;Wolvrhptn;9G43;10.02.2017 21:57;Miles;15.65
10.02.2017;20170210_VW113_9M84;9M84;1;VW113;20170210_VW113;UK390046;Glas Cen.;9M84;10.02.2017 14:00;New St.;9M84;10.02.2017 18:05;Miles;298
10.02.2017;20170210_VW113_9M84d2;9M84;2;VW113;20170210_VW113;UK390046;New St.;9M84;10.02.2017 18:10;Euston;9M84;10.02.2017 19:33;Miles;112.95
10.02.2017;20170210_VW113_9S47;9S47;1;VW113;20170210_VW113;UK390046;Euston;9S47;10.02.2017 07:43;New St.;9S47;10.02.2017 09:05;Miles;112.95
10.02.2017;20170210_VW113_9S47d2;9S47;2;VW113;20170210_VW113;UK390046;New St.;9S47;10.02.2017 09:15;Glas Cen.;9S47;10.02.2017 13:15;Miles;298
10.02.2017;20170210_VW114_1R18;1R18;0;VW114;20170210_VW114;UK390011;ManchstrP;1R18;10.02.2017 07:00;Euston;1R18;10.02.2017 09:00;Miles;183.67
10.02.2017;20170210_VW114_5G48;5G48;0;VW114;20170210_VW114;UK390011;Wolvrhptn;5G48;11.02.2017 01:13;Oxley CMD;5G48;11.02.2017 01:18;Miles;1.May
10.02.2017;20170210_VW114_5R18;5R18;0;VW114;20170210_VW114;UK390011;LongstCMD;5R18;10.02.2017 06:27;ManchstrP;5R18;10.02.2017 06:38;Miles;Oca.68
10.02.2017;20170210_VW114_9G48;9G48;1;VW114;20170210_VW114;UK390011;Euston;9G48;10.02.2017 22:30;New St.;9G48;11.02.2017 00:33;Miles;112.95
10.02.2017;20170210_VW114_9G48d2;9G48;2;VW114;20170210_VW114;UK390011;New St.;9G48;11.02.2017 00:36;Wolvrhptn;9G48;11.02.2017 01:02;Miles;15.65
10.02.2017;20170210_VW114_9M59;9M59;1;VW114;20170210_VW114;UK390011;Glas Cen.;9M59;10.02.2017 16:00;New St.;9M59;10.02.2017 20:05;Miles;298
10.02.2017;20170210_VW114_9M59d2;9M59;2;VW114;20170210_VW114;UK390011;New St.;9M59;10.02.2017 20:10;Euston;9M59;10.02.2017 21:37;Miles;112.95
10.02.2017;20170210_VW114_9S55;9S55;1;VW114;20170210_VW114;UK390011;Euston;9S55;10.02.2017 09:43;New St.;9S55;10.02.2017 11:04;Miles;112.95
10.02.2017;20170210_VW114_9S55d2;9S55;2;VW114;20170210_VW114;UK390011;New St.;9S55;10.02.2017 11:15;Glas Cen.;9S55;10.02.2017 15:16;Miles;298
10.02.2017;20170210_VW115_1A35;1A35;0;VW115;20170210_VW115;UK390156;Lime St;1A35;10.02.2017 12:47;Euston;1A35;10.02.2017 15:04;Miles;193.71
10.02.2017;20170210_VW115_1A66;1A66;0;VW115;20170210_VW115;UK390008;ManchstrP;1A66;10.02.2017 18:55;Euston;1A66;10.02.2017 21:06;Miles;188.93
10.02.2017;20170210_VW115_1F14;1F14;0;VW115;20170210_VW115;UK390156;Euston;1F14;10.02.2017 10:07;Lime St;1F14;10.02.2017 12:19;Miles;193.71
10.02.2017;20170210_VW115_1H36;1H36;0;VW115;20170210_VW115;UK390008;Euston;1H36;10.02.2017 16:20;ManchstrP;1H36;10.02.2017 18:28;Miles;183.67
10.02.2017;20170210_VW115_1H60;1H60;0;VW115;20170210_VW115;UK390045;Crewe;1H60;10.02.2017 06:11;ManchstrP;1H60;10.02.2017 06:48;Miles;30.79
10.02.2017;20170210_VW115_1R22;1R22;0;VW115;20170210_VW115;UK390045;ManchstrP;1R22;10.02.2017 07:15;Euston;1R22;10.02.2017 09:21;Miles;183.67
10.02.2017;20170210_VW115_5G47;5G47;0;VW115;20170210_VW115;UK390008;Wolvrhptn;5G47;11.02.2017 00:06;Oxley CMD;5G47;11.02.2017 00:11;Miles;1.May
10.02.2017;20170210_VW115_5K60;5K60;0;VW115;20170210_VW115;UK390045;EdgeHlDHS;5K60;10.02.2017 05:18;Crewe;5K60;10.02.2017 05:56;Miles;34.13
10.02.2017;20170210_VW115_9G47;9G47;1;VW115;20170210_VW115;UK390008;Euston;9G47;10.02.2017 21:43;New St.;9G47;10.02.2017 23:16;Miles;112.95
10.02.2017;20170210_VW115_9G47d2;9G47;2;VW115;20170210_VW115;UK390008;New St.;9G47;10.02.2017 23:20;Wolvrhptn;9G47;10.02.2017 23:46;Miles;Ara.89
10.02.2017;20170210_VW116_1A50;1A50;0;VW116;20170210_VW116;UK390136;Lime St;1A50;10.02.2017 15:47;Euston;1A50;10.02.2017 17:59;Miles;193.71
10.02.2017;20170210_VW116_1B34;1B34;0;VW116;20170210_VW116;UK390136;New St.;1B34;10.02.2017 10:50;Euston;1B34;10.02.2017 12:14;Miles;112.95
10.02.2017;20170210_VW116_1F17;1F17;0;VW116;20170210_VW116;UK390136;Euston;1F17;10.02.2017 13:07;Lime St;1F17;10.02.2017 15:19;Miles;193.71
10.02.2017;20170210_VW116_1R14;1R14;1;VW116;20170210_VW116;UK390136;Wolvrhptn;1R14;10.02.2017 07:05;New St.;1R14;10.02.2017 07:25;Miles;Ara.89
10.02.2017;20170210_VW116_1R14d2;1R14;2;VW116;20170210_VW116;UK390136;New St.;1R14;10.02.2017 07:30;Euston;1R14;10.02.2017 08:43;Miles;112.95
10.02.2017;20170210_VW116_1S95;1S95;0;VW116;20170210_VW116;UK390136;Euston;1S95;10.02.2017 18:30;Glas Cen.;1S95;10.02.2017 23:08;Miles;401.49
10.02.2017;20170210_VW116_5R14;5R14;0;VW116;20170210_VW116;UK390136;Oxley CMD;5R14;10.02.2017 06:45;Wolvrhptn;5R14;10.02.2017 06:50;Miles;1.May
10.02.2017;20170210_VW116_5S95;5S95;0;VW116;20170210_VW116;UK390136;Glas Cen.;5S95;10.02.2017 23:35;PoldieCMD;5S95;10.02.2017 23:45;Miles;Þub.15
10.02.2017;20170210_VW116_9G10;9G10;0;VW116;20170210_VW116;UK390136;Euston;9G10;10.02.2017 09:03;New St.;9G10;10.02.2017 10:26;Miles;112.95
10.02.2017;20170210_VW117_1A29;1A29;0;VW117;20170210_VW117;UK390126;ManchstrP;1A29;10.02.2017 11:35;Euston;1A29;10.02.2017 13:40;Miles;183.67
10.02.2017;20170210_VW117_1A56;1A56;0;VW117;20170210_VW117;UK390126;ManchstrP;1A56;10.02.2017 16:55;Euston;1A56;10.02.2017 19:06;Miles;188.93
10.02.2017;20170210_VW117_1H14;1H14;0;VW117;20170210_VW117;UK390126;Euston;1H14;10.02.2017 09:00;ManchstrP;1H14;10.02.2017 11:04;Miles;183.67
10.02.2017;20170210_VW117_1H30;1H30;0;VW117;20170210_VW117;UK390126;Euston;1H30;10.02.2017 14:20;ManchstrP;1H30;10.02.2017 16:28;Miles;183.67
10.02.2017;20170210_VW117_1R12;1R12;1;VW117;20170210_VW117;UK390126;Wolvrhptn;1R12;10.02.2017 06:45;New St.;1R12;10.02.2017 07:07;Miles;Ara.89
10.02.2017;20170210_VW117_1R12d2;1R12;2;VW117;20170210_VW117;UK390126;New St.;1R12;10.02.2017 07:10;Euston;1R12;10.02.2017 08:31;Miles;112.95
10.02.2017;20170210_VW117_1S06;1S06;0;VW117;20170210_VW117;UK390132;Euston;1S06;10.02.2017 19:30;Glas Cen.;1S06;11.02.2017 00:03;Miles;401.49
10.02.2017;20170210_VW117_5R12;5R12;0;VW117;20170210_VW117;UK390126;Oxley CMD;5R12;10.02.2017 06:30;Wolvrhptn;5R12;10.02.2017 06:35;Miles;1.May
10.02.2017;20170210_VW117_5S06;5S06;0;VW117;20170210_VW117;UK390132;Glas Cen.;5S06;11.02.2017 00:29;PoldieDHS;5S06;11.02.2017 00:39;Miles;Þub.15
10.02.2017;20170210_VW118_1A25;1A25;0;VW118;20170210_VW118;UK390134;Lime St;1A25;10.02.2017 10:47;Euston;1A25;10.02.2017 12:59;Miles;193.71
10.02.2017;20170210_VW118_1F12;1F12;0;VW118;20170210_VW118;UK390134;Euston;1F12;10.02.2017 08:07;Lime St;1F12;10.02.2017 10:19;Miles;193.71
10.02.2017;20170210_VW118_1M19;1M19;0;VW118;20170210_VW118;UK390134;Glas Cen.;1M19;10.02.2017 18:40;Euston;1M19;10.02.2017 23:34;Miles;401.49
10.02.2017;20170210_VW118_1R04;1R04;1;VW118;20170210_VW118;UK390134;Wolvrhptn;1R04;10.02.2017 05:45;New St.;1R04;10.02.2017 06:04;Miles;Ara.89
10.02.2017;20170210_VW118_1R04d2;1R04;2;VW118;20170210_VW118;UK390134;New St.;1R04;10.02.2017 06:10;Euston;1R04;10.02.2017 07:34;Miles;112.95
10.02.2017;20170210_VW118_1S69;1S69;0;VW118;20170210_VW118;UK390134;Euston;1S69;10.02.2017 13:30;Glas Cen.;1S69;10.02.2017 17:59;Miles;401.49
10.02.2017;20170210_VW118_5M19;5M19;0;VW118;20170210_VW118;UK390134;Euston;5M19;11.02.2017 00:12;WembleyID;5M19;11.02.2017 00:33;Miles;7.May
10.02.2017;20170210_VW118_5R04;5R04;0;VW118;20170210_VW118;UK390134;Oxley CMD;5R04;10.02.2017 05:23;Wolvrhptn;5R04;10.02.2017 05:29;Miles;1.May
10.02.2017;20170210_VW119_1A15;1A15;0;VW119;20170210_VW119;UK390117;Lime St;1A15;10.02.2017 08:47;Euston;1A15;10.02.2017 11:02;Miles;193.71
10.02.2017;20170210_VW119_1F10;1F10;0;VW119;20170210_VW119;UK390117;Euston;1F10;10.02.2017 05:27;Lime St;1F10;10.02.2017 08:03;Miles;193.71
10.02.2017;20170210_VW119_1M17;1M17;0;VW119;20170210_VW119;UK390117;Glas Cen.;1M17;10.02.2017 16:40;Euston;1M17;10.02.2017 21:20;Miles;401.49
10.02.2017;20170210_VW119_1S58;1S58;0;VW119;20170210_VW119;UK390117;Euston;1S58;10.02.2017 11:30;Glas Cen.;1S58;10.02.2017 15:59;Miles;401.49
10.02.2017;20170210_VW119_5F10;5F10;0;VW119;20170210_VW119;UK390117;WembleyID;5F10;10.02.2017 04:22;Euston;5F10;10.02.2017 04:42;Miles;7.May
10.02.2017;20170210_VW120_1B64;1B64;0;VW120;20170210_VW120;UK390043;New St.;1B64;10.02.2017 15:50;Euston;1B64;10.02.2017 17:14;Miles;112.95
10.02.2017;20170210_VW120_1M09;1M09;0;VW120;20170210_VW120;UK390043;Glas Cen.;1M09;10.02.2017 08:40;Euston;1M09;10.02.2017 13:10;Miles;401.49
10.02.2017;20170210_VW120_5M09;5M09;0;VW120;20170210_VW120;UK390043;PoldieCMD;5M09;10.02.2017 08:04;Glas Cen.;5M09;10.02.2017 08:15;Miles;Þub.15
10.02.2017;20170210_VW120_5S97;5S97;0;VW120;20170210_VW120;UK390121;Glas Cen.;5S97;10.02.2017 23:38;PoldieCMD;5S97;10.02.2017 23:49;Miles;Þub.15
10.02.2017;20170210_VW120_9G25;9G25;0;VW120;20170210_VW120;UK390043;Euston;9G25;10.02.2017 14:03;New St.;9G25;10.02.2017 15:26;Miles;112.95
10.02.2017;20170210_VW120_9S97;9S97;1;VW120;20170210_VW120;UK390121;Euston;9S97;10.02.2017 17:43;New St.;9S97;10.02.2017 19:05;Miles;112.95
10.02.2017;20170210_VW120_9S97d2;9S97;2;VW120;20170210_VW120;UK390121;New St.;9S97;10.02.2017 19:15;Glas Cen.;9S97;10.02.2017 23:17;Miles;298
10.02.2017;20170210_VW121_1B58;1B58;0;VW121;20170210_VW121;UK390148;New St.;1B58;10.02.2017 14:50;Euston;1B58;10.02.2017 16:14;Miles;112.95
10.02.2017;20170210_VW121_1H38;1H38;0;VW121;20170210_VW121;UK390148;Euston;1H38;10.02.2017 17:00;ManchstrP;1H38;10.02.2017 19:04;Miles;183.67
10.02.2017;20170210_VW121_1M08;1M08;0;VW121;20170210_VW121;UK390148;Glas Cen.;1M08;10.02.2017 07:37;Euston;1M08;10.02.2017 12:10;Miles;401.49
10.02.2017;20170210_VW121_5H38;5H38;0;VW121;20170210_VW121;UK390148;ManchstrP;5H38;10.02.2017 19:35;LongstCMD;5H38;10.02.2017 19:46;Miles;Oca.68
10.02.2017;20170210_VW121_5M08;5M08;0;VW121;20170210_VW121;UK390148;PoldieCMD;5M08;10.02.2017 06:43;Glas Cen.;5M08;10.02.2017 06:57;Miles;Þub.15
10.02.2017;20170210_VW121_9G22;9G22;0;VW121;20170210_VW121;UK390148;Euston;9G22;10.02.2017 13:03;New St.;9G22;10.02.2017 14:26;Miles;112.95
10.02.2017;20170210_VW122_1B35;1B35;0;VW122;20170210_VW122;UK390121;New St.;1B35;10.02.2017 09:30;Euston;1B35;10.02.2017 10:56;Miles;112.95
10.02.2017;20170210_VW122_1B50;1B50;0;VW122;20170210_VW122;UK390118;New St.;1B50;10.02.2017 13:30;Euston;1B50;10.02.2017 14:55;Miles;112.95
10.02.2017;20170210_VW122_1S78;1S78;0;VW122;20170210_VW122;UK390118;Euston;1S78;10.02.2017 15:30;Glas Cen.;1S78;10.02.2017 19:57;Miles;401.49
10.02.2017;20170210_VW122_5G05;5G05;0;VW122;20170210_VW122;UK390121;WembleyID;5G05;10.02.2017 06:36;Euston;5G05;10.02.2017 06:55;Miles;7.May
10.02.2017;20170210_VW122_5S78;5S78;0;VW122;20170210_VW122;UK390118;Glas Cen.;5S78;10.02.2017 20:24;PoldieCMD;5S78;10.02.2017 20:34;Miles;Þub.15
10.02.2017;20170210_VW122_9G05;9G05;0;VW122;20170210_VW122;UK390121;Euston;9G05;10.02.2017 07:23;New St.;9G05;10.02.2017 08:45;Miles;112.95
10.02.2017;20170210_VW122_9G17;9G17;0;VW122;20170210_VW122;UK390118;Euston;9G17;10.02.2017 11:23;New St.;9G17;10.02.2017 12:45;Miles;112.95
10.02.2017;20170210_VW123_1A39;1A39;0;VW123;20170210_VW123;UK390123;ManchstrP;1A39;10.02.2017 13:35;Euston;1A39;10.02.2017 15:39;Miles;183.67
10.02.2017;20170210_VW123_1B76;1B76;0;VW123;20170210_VW123;UK390123;New St.;1B76;10.02.2017 17:50;Euston;1B76;10.02.2017 19:14;Miles;112.95
10.02.2017;20170210_VW123_1H20;1H20;0;VW123;20170210_VW123;UK390123;Euston;1H20;10.02.2017 11:00;ManchstrP;1H20;10.02.2017 13:03;Miles;183.67
10.02.2017;20170210_VW123_1H74;1H74;0;VW123;20170210_VW123;UK390123;Euston;1H74;10.02.2017 19:40;ManchstrP;1H74;10.02.2017 21:54;Miles;187.91
10.02.2017;20170210_VW123_1M06;1M06;0;VW123;20170210_VW123;UK390114;Glas Cen.;1M06;10.02.2017 05:40;Euston;1M06;10.02.2017 10:08;Miles;401.49
10.02.2017;20170210_VW123_5H74;5H74;0;VW123;20170210_VW123;UK390123;ManchstrP;5H74;10.02.2017 22:24;LongstCMD;5H74;10.02.2017 22:36;Miles;Oca.68
10.02.2017;20170210_VW123_5M06;5M06;0;VW123;20170210_VW123;UK390114;PoldieDHS;5M06;10.02.2017 05:05;Glas Cen.;5M06;10.02.2017 05:15;Miles;Þub.15
10.02.2017;20170210_VW123_9G31;9G31;0;VW123;20170210_VW123;UK390123;Euston;9G31;10.02.2017 16:03;New St.;9G31;10.02.2017 17:26;Miles;112.95
10.02.2017;20170210_VW124_1A12;1A12;0;VW124;20170210_VW124;UK390115;ManchstrP;1A12;10.02.2017 08:15;Euston;1A12;10.02.2017 10:26;Miles;183.67
10.02.2017;20170210_VW124_1A40;1A40;0;VW124;20170210_VW124;UK390115;Lime St;1A40;10.02.2017 13:47;Euston;1A40;10.02.2017 15:59;Miles;193.71
10.02.2017;20170210_VW124_1F15;1F15;0;VW124;20170210_VW124;UK390115;Euston;1F15;10.02.2017 11:07;Lime St;1F15;10.02.2017 13:19;Miles;193.71
10.02.2017;20170210_VW124_1S82;1S82;0;VW124;20170210_VW124;UK390115;Euston;1S82;10.02.2017 16:30;Glas Cen.;1S82;10.02.2017 21:00;Miles;401.49
10.02.2017;20170210_VW124_5A12;5A12;0;VW124;20170210_VW124;UK390115;LongstCMD;5A12;10.02.2017 07:37;ManchstrP;5A12;10.02.2017 07:49;Miles;Oca.68
10.02.2017;20170210_VW124_5S82;5S82;0;VW124;20170210_VW124;UK390115;Glas Cen.;5S82;10.02.2017 21:20;PoldieCMD;5S82;10.02.2017 21:30;Miles;Þub.15
10.02.2017;20170210_VW125_1M15;1M15;0;VW125;20170210_VW125;UK390132;Glas Cen.;1M15;10.02.2017 14:40;Euston;1M15;10.02.2017 19:09;Miles;401.49
10.02.2017;20170210_VW125_1R17;1R17;0;VW125;20170210_VW125;UK390132;ManchstrP;1R17;10.02.2017 06:43;Euston;1R17;10.02.2017 08:54;Miles;188.93
10.02.2017;20170210_VW125_1S48;1S48;0;VW125;20170210_VW125;UK390132;Euston;1S48;10.02.2017 09:30;Glas Cen.;1S48;10.02.2017 13:59;Miles;401.49
10.02.2017;20170210_VW125_5H42;5H42;0;VW125;20170210_VW125;UK390119;Preston;5H42;10.02.2017 23:29;LongstCMD;5H42;11.02.2017 00:23;Miles;38.01
10.02.2017;20170210_VW125_5R17;5R17;1;VW125;20170210_VW125;UK390130;LongstCMD;5R17;10.02.2017 06:09;ManchstrP;5R17;10.02.2017 06:20;Miles;Oca.68
10.02.2017;20170210_VW125_5R17d2;5R17;2;VW125;20170210_VW125;UK390132;LongstCMD;5R17;10.02.2017 06:09;ManchstrP;5R17;10.02.2017 06:20;Miles;Oca.68
10.02.2017;20170210_VW125_9P42;9P42;1;VW125;20170210_VW125;UK390119;Euston;9P42;10.02.2017 19:43;New St.;9P42;10.02.2017 21:04;Miles;112.95
10.02.2017;20170210_VW125_9P42d2;9P42;2;VW125;20170210_VW125;UK390119;New St.;9P42;10.02.2017 21:15;Preston;9P42;10.02.2017 22:59;Miles;103.67
10.02.2017;20170210_VW126_1A20;1A20;0;VW126;20170210_VW126;UK390016;Lime St;1A20;10.02.2017 09:47;Euston;1A20;10.02.2017 11:59;Miles;193.71
10.02.2017;20170210_VW126_1F11;1F11;0;VW126;20170210_VW126;UK390016;Euston;1F11;10.02.2017 07:07;Lime St;1F11;10.02.2017 09:20;Miles;193.71
10.02.2017;20170210_VW126_1M18;1M18;0;VW126;20170210_VW126;UK390016;Glas Cen.;1M18;10.02.2017 17:30;Euston;1M18;10.02.2017 22:25;Miles;401.49
10.02.2017;20170210_VW126_1S63;1S63;0;VW126;20170210_VW126;UK390016;Euston;1S63;10.02.2017 12:30;Glas Cen.;1S63;10.02.2017 16:59;Miles;401.49
10.02.2017;20170210_VW126_5F11;5F11;0;VW126;20170210_VW126;UK390016;WembleyID;5F11;10.02.2017 06:10;Euston;5F11;10.02.2017 06:29;Miles;7.May
10.02.2017;20170210_VW126_5M18;5M18;0;VW126;20170210_VW126;UK390016;Euston;5M18;10.02.2017 23:33;WembleyID;5M18;10.02.2017 23:55;Miles;7.May
10.02.2017;20170210_VW127_1R09;1R09;1;VW127;20170210_VW127;UK390137;Wolvrhptn;1R09;10.02.2017 06:27;New St.;1R09;10.02.2017 06:47;Miles;Ara.89
10.02.2017;20170210_VW127_1R09d2;1R09;2;VW127;20170210_VW127;UK390137;New St.;1R09;10.02.2017 06:50;Euston;1R09;10.02.2017 08:15;Miles;112.95
10.02.2017;20170210_VW127_5G46;5G46;0;VW127;20170210_VW127;UK390137;Wolvrhptn;5G46;10.02.2017 23:01;Oxley CMD;5G46;10.02.2017 23:06;Miles;1.May
10.02.2017;20170210_VW127_5R09;5R09;0;VW127;20170210_VW127;UK390137;Oxley CMD;5R09;10.02.2017 06:02;Wolvrhptn;5R09;10.02.2017 06:07;Miles;1.May
10.02.2017;20170210_VW127_9G46;9G46;1;VW127;20170210_VW127;UK390137;Euston;9G46;10.02.2017 21:03;New St.;9G46;10.02.2017 22:29;Miles;112.95
10.02.2017;20170210_VW127_9G46d2;9G46;2;VW127;20170210_VW127;UK390137;New St.;9G46;10.02.2017 22:33;Wolvrhptn;9G46;10.02.2017 22:53;Miles;Ara.89
10.02.2017;20170210_VW127_9M86;9M86;1;VW127;20170210_VW127;UK390137;Edinburgh;9M86;10.02.2017 14:52;New St.;9M86;10.02.2017 19:05;Miles;295.66
10.02.2017;20170210_VW127_9M86d2;9M86;2;VW127;20170210_VW127;UK390137;New St.;9M86;10.02.2017 19:10;Euston;9M86;10.02.2017 20:32;Miles;112.95
10.02.2017;20170210_VW127_9S54;9S54;1;VW127;20170210_VW127;UK390137;Euston;9S54;10.02.2017 08:43;New St.;9S54;10.02.2017 10:04;Miles;112.95
10.02.2017;20170210_VW127_9S54d2;9S54;2;VW127;20170210_VW127;UK390137;New St.;9S54;10.02.2017 10:15;Edinburgh;9S54;10.02.2017 14:17;Miles;295.66
10.02.2017;20170210_VW128_1A16;1A16;0;VW128;20170210_VW128;UK390020;ManchstrP;1A16;10.02.2017 08:55;Euston;1A16;10.02.2017 11:08;Miles;188.93
10.02.2017;20170210_VW128_1A42;1A42;0;VW128;20170210_VW128;UK390020;ManchstrP;1A42;10.02.2017 14:15;Euston;1A42;10.02.2017 16:24;Miles;183.67
10.02.2017;20170210_VW128_1A70;1A70;0;VW128;20170210_VW128;UK390044;Lime St;1A70;10.02.2017 19:47;Euston;1A70;10.02.2017 22:06;Miles;193.71
10.02.2017;20170210_VW128_1F22;1F22;0;VW128;20170210_VW128;UK390044;Euston;1F22;10.02.2017 17:07;Lime St;1F22;10.02.2017 19:20;Miles;193.71
10.02.2017;20170210_VW128_1H06;1H06;0;VW128;20170210_VW128;UK390020;Euston;1H06;10.02.2017 06:16;ManchstrP;1H06;10.02.2017 08:25;Miles;183.67
10.02.2017;20170210_VW128_1H66;1H66;0;VW128;20170210_VW128;UK390020;Euston;1H66;10.02.2017 11:40;ManchstrP;1H66;10.02.2017 13:46;Miles;188.93
10.02.2017;20170210_VW128_5A70;5A70;0;VW128;20170210_VW128;UK390044;Euston;5A70;10.02.2017 22:47;WembleyID;5A70;10.02.2017 23:07;Miles;7.May
10.02.2017;20170210_VW128_5H06;5H06;0;VW128;20170210_VW128;UK390020;WembleyID;5H06;10.02.2017 04:56;Euston;5H06;10.02.2017 05:15;Miles;7.May
10.02.2017;20170210_VW129_1B38;1B38;0;VW129;20170210_VW129;UK390107;New St.;1B38;10.02.2017 11:30;Euston;1B38;10.02.2017 12:55;Miles;112.95
10.02.2017;20170210_VW129_1B62;1B62;0;VW129;20170210_VW129;UK390107;New St.;1B62;10.02.2017 15:30;Euston;1B62;10.02.2017 16:56;Miles;112.95
10.02.2017;20170210_VW129_1B86;1B86;0;VW129;20170210_VW129;UK390107;New St.;1B86;10.02.2017 19:30;Euston;1B86;10.02.2017 20:57;Miles;112.95
10.02.2017;20170210_VW129_1R15;1R15;0;VW129;20170210_VW129;UK390107;ManchstrP;1R15;10.02.2017 06:35;Euston;1R15;10.02.2017 08:46;Miles;183.67
10.02.2017;20170210_VW129_5B86;5B86;0;VW129;20170210_VW129;UK390107;Euston;5B86;10.02.2017 21:20;WembleyID;5B86;10.02.2017 21:41;Miles;7.May
10.02.2017;20170210_VW129_5R15;5R15;0;VW129;20170210_VW129;UK390107;LongstCMD;5R15;10.02.2017 05:58;ManchstrP;5R15;10.02.2017 06:11;Miles;Oca.68
10.02.2017;20170210_VW129_9G11;9G11;0;VW129;20170210_VW129;UK390107;Euston;9G11;10.02.2017 09:23;New St.;9G11;10.02.2017 10:45;Miles;112.95
10.02.2017;20170210_VW129_9G23;9G23;0;VW129;20170210_VW129;UK390107;Euston;9G23;10.02.2017 13:23;New St.;9G23;10.02.2017 14:45;Miles;112.95
10.02.2017;20170210_VW129_9G35;9G35;0;VW129;20170210_VW129;UK390107;Euston;9G35;10.02.2017 17:23;New St.;9G35;10.02.2017 18:45;Miles;112.95
10.02.2017;20170210_VW130_1A19;1A19;0;VW130;20170210_VW130;UK390112;ManchstrP;1A19;10.02.2017 09:35;Euston;1A19;10.02.2017 11:40;Miles;183.67
10.02.2017;20170210_VW130_1A45;1A45;0;VW130;20170210_VW130;UK390112;Lime St;1A45;10.02.2017 14:47;Euston;1A45;10.02.2017 16:59;Miles;193.71
10.02.2017;20170210_VW130_1F16;1F16;0;VW130;20170210_VW130;UK390112;Euston;1F16;10.02.2017 12:07;Lime St;1F16;10.02.2017 14:19;Miles;193.71
10.02.2017;20170210_VW130_1H08;1H08;0;VW130;20170210_VW130;UK390112;Euston;1H08;10.02.2017 06:55;ManchstrP;1H08;10.02.2017 09:04;Miles;183.67
10.02.2017;20170210_VW130_1S90;1S90;0;VW130;20170210_VW130;UK390112;Euston;1S90;10.02.2017 17:30;Glas Cen.;1S90;10.02.2017 22:00;Miles;401.49
10.02.2017;20170210_VW130_5H08;5H08;0;VW130;20170210_VW130;UK390112;WembleyID;5H08;10.02.2017 05:43;Euston;5H08;10.02.2017 06:02;Miles;7.May
10.02.2017;20170210_VW130_5S90;5S90;0;VW130;20170210_VW130;UK390112;Glas Cen.;5S90;10.02.2017 22:25;PoldieDHS;5S90;10.02.2017 22:36;Miles;Þub.15
10.02.2017;20170210_VW131_1M14;1M14;0;VW131;20170210_VW131;UK390125;Glas Cen.;1M14;10.02.2017 13:40;Euston;1M14;10.02.2017 18:10;Miles;401.49
10.02.2017;20170210_VW131_1R07;1R07;0;VW131;20170210_VW131;UK390125;Lancaster;1R07;10.02.2017 05:13;Euston;1R07;10.02.2017 07:58;Miles;230.04
10.02.2017;20170210_VW131_1S45;1S45;0;VW131;20170210_VW131;UK390125;Euston;1S45;10.02.2017 08:30;Glas Cen.;1S45;10.02.2017 12:59;Miles;401.49
10.02.2017;20170210_VW131_5G39;5G39;1;VW131;20170210_VW131;UK390125;Crewe;5G39;10.02.2017 21:40;Wolvrhptn;5G39;10.02.2017 22:21;Miles;39.79
10.02.2017;20170210_VW131_5G39d2;5G39;2;VW131;20170210_VW131;UK390125;Wolvrhptn;5G39;10.02.2017 22:36;Oxley CMD;5G39;10.02.2017 22:41;Miles;1.May
10.02.2017;20170210_VW131_5R07;5R07;0;VW131;20170210_VW131;UK390125;Preston;5R07;10.02.2017 04:43;Lancaster;5R07;10.02.2017 04:58;Miles;20.98
10.02.2017;20170210_VW131_9K39;9K39;1;VW131;20170210_VW131;UK390125;Euston;9K39;10.02.2017 18:43;New St.;9K39;10.02.2017 20:08;Miles;112.95
10.02.2017;20170210_VW131_9K39d2;9K39;2;VW131;20170210_VW131;UK390125;New St.;9K39;10.02.2017 20:16;Crewe;9K39;10.02.2017 21:15;Miles;52.68
10.02.2017;20170210_VW132_1A27;1A27;0;VW132;20170210_VW132;UK390152;ManchstrP;1A27;10.02.2017 11:15;Euston;1A27;10.02.2017 13:20;Miles;183.67
10.02.2017;20170210_VW132_1A54;1A54;0;VW132;20170210_VW132;UK390152;ManchstrP;1A54;10.02.2017 16:35;Euston;1A54;10.02.2017 18:40;Miles;183.67
10.02.2017;20170210_VW132_1F26;1F26;0;VW132;20170210_VW132;UK390156;Euston;1F26;10.02.2017 19:07;Lime St;1F26;10.02.2017 21:08;Miles;193.71
10.02.2017;20170210_VW132_1H29;1H29;0;VW132;20170210_VW132;UK390152;Euston;1H29;10.02.2017 14:00;ManchstrP;1H29;10.02.2017 16:04;Miles;183.67
10.02.2017;20170210_VW132_1H63;1H63;0;VW132;20170210_VW132;UK390152;Euston;1H63;10.02.2017 08:40;ManchstrP;1H63;10.02.2017 10:46;Miles;188.93
10.02.2017;20170210_VW132_1R08;1R08;0;VW132;20170210_VW132;UK390152;ManchstrP;1R08;10.02.2017 05:55;Euston;1R08;10.02.2017 08:08;Miles;188.93
10.02.2017;20170210_VW132_5F26;5F26;0;VW132;20170210_VW132;UK390156;Lime St;5F26;10.02.2017 21:42;EdgeHlDHS;5F26;10.02.2017 21:52;Miles;1.May
10.02.2017;20170210_VW132_5R08;5R08;0;VW132;20170210_VW132;UK390152;LongstCMD;5R08;10.02.2017 05:18;ManchstrP;5R08;10.02.2017 05:29;Miles;Oca.68
10.02.2017;20170210_VW933_1A21;1A21;0;VW933;20170210_VW933;UK390049;ManchstrP;1A21;10.02.2017 09:55;Euston;1A21;10.02.2017 12:02;Miles;188.93
10.02.2017;20170210_VW933_1A47;1A47;0;VW933;20170210_VW933;UK390049;ManchstrP;1A47;10.02.2017 15:15;Euston;1A47;10.02.2017 17:21;Miles;183.67
10.02.2017;20170210_VW933_1H09;1H09;0;VW933;20170210_VW933;UK390049;Euston;1H09;10.02.2017 07:20;ManchstrP;1H09;10.02.2017 09:25;Miles;183.67
10.02.2017;20170210_VW933_1H67;1H67;0;VW933;20170210_VW933;UK390049;Euston;1H67;10.02.2017 12:40;ManchstrP;1H67;10.02.2017 14:46;Miles;188.93
10.02.2017;20170210_VW933_5H09;5H09;0;VW933;20170210_VW933;UK390049;WembleyID;5H09;10.02.2017 06:26;Euston;5H09;10.02.2017 06:45;Miles;7.May
10.02.2017;20170210_VW934_1A64;1A64;0;VW934;20170210_VW934;UK390001;ManchstrP;1A64;10.02.2017 18:35;Euston;1A64;10.02.2017 20:39;Miles;183.67
10.02.2017;20170210_VW934_1H35;1H35;0;VW934;20170210_VW934;UK390001;Euston;1H35;10.02.2017 16:00;ManchstrP;1H35;10.02.2017 18:04;Miles;183.67
10.02.2017;20170210_VW934_1M11;1M11;0;VW934;20170210_VW934;UK390001;Glas Cen.;1M11;10.02.2017 10:40;Euston;1M11;10.02.2017 15:13;Miles;401.49
10.02.2017;20170210_VW934_1P09;1P09;0;VW934;20170210_VW934;UK390045;Euston;1P09;10.02.2017 21:10;Preston;1P09;10.02.2017 23:50;Miles;209.05
10.02.2017;20170210_VW934_5F09;5F09;1;VW934;20170210_VW934;UK390045;Preston;5F09;11.02.2017 00:12;Crewe;5F09;11.02.2017 01:20;Miles;50.99
10.02.2017;20170210_VW934_5F09d2;5F09;2;VW934;20170210_VW934;UK390045;Crewe;5F09;11.02.2017 01:37;EdgeHlDHS;5F09;11.02.2017 02:21;Miles;34.13
10.02.2017;20170210_VW934_5M11;5M11;0;VW934;20170210_VW934;UK390001;PoldieCMD;5M11;10.02.2017 09:59;Glas Cen.;5M11;10.02.2017 10:15;Miles;Þub.15
10.02.2017;20170210_VW935_1H10;1H10;0;VW935;20170210_VW935;UK390001;Euston;1H10;10.02.2017 21:00;ManchstrP;1H10;10.02.2017 23:08;Miles;183.67
10.02.2017;20170210_VW935_1M16;1M16;0;VW935;20170210_VW935;UK390114;Glas Cen.;1M16;10.02.2017 15:40;Euston;1M16;10.02.2017 20:12;Miles;401.49
10.02.2017;20170210_VW935_1R27;1R27;0;VW935;20170210_VW935;UK390157;Lime St;1R27;10.02.2017 07:48;Euston;1R27;10.02.2017 10:00;Miles;193.71
10.02.2017;20170210_VW935_1S52;1S52;0;VW935;20170210_VW935;UK390114;Euston;1S52;10.02.2017 10:30;Glas Cen.;1S52;10.02.2017 14:59;Miles;401.49
10.02.2017;20170210_VW935_5H10;5H10;0;VW935;20170210_VW935;UK390001;ManchstrP;5H10;10.02.2017 23:31;LongstCMD;5H10;10.02.2017 23:42;Miles;Oca.68
10.02.2017;20170210_VW935_5R27;5R27;0;VW935;20170210_VW935;UK390157;EdgeHlDHS;5R27;10.02.2017 07:02;Lime St;5R27;10.02.2017 07:12;Miles;1.May
10.02.2017;20170210_VW936_1A71;1A71;0;VW936;20170210_VW936;UK390002;ManchstrP;1A71;10.02.2017 19:55;Euston;1A71;10.02.2017 22:10;Miles;188.93
10.02.2017;20170210_VW936_1H39;1H39;0;VW936;20170210_VW936;UK390002;Euston;1H39;10.02.2017 17:20;ManchstrP;1H39;10.02.2017 19:29;Miles;183.67
10.02.2017;20170210_VW936_1R10;1R10;0;VW936;20170210_VW936;UK390002;ManchstrP;1R10;10.02.2017 06:10;Euston;1R10;10.02.2017 08:20;Miles;183.67
10.02.2017;20170210_VW936_5A71;5A71;0;VW936;20170210_VW936;UK390002;Euston;5A71;10.02.2017 22:50;WembleyID;5A71;10.02.2017 23:11;Miles;7.May
10.02.2017;20170210_VW936_5H39;5H39;0;VW936;20170210_VW936;UK390121;WembleyID;5H39;10.02.2017 16:36;Euston;5H39;10.02.2017 16:53;Miles;7.May
10.02.2017;20170210_VW936_5R10;5R10;1;VW936;20170210_VW936;UK390002;LongstCMD;5R10;10.02.2017 05:37;ManchstrP;5R10;10.02.2017 05:49;Miles;Oca.68
10.02.2017;20170210_VW936_5R10d2;5R10;2;VW936;20170210_VW936;UK390002;Euston;5R10;10.02.2017 08:40;WembleyID;5R10;10.02.2017 09:01;Miles;7.May
10.02.2017;20170210_VW937_1A17;1A17;0;VW937;20170210_VW937;UK390047;ManchstrP;1A17;10.02.2017 09:15;Euston;1A17;10.02.2017 11:20;Miles;183.67
10.02.2017;20170210_VW937_1B52;1B52;0;VW937;20170210_VW937;UK390047;New St.;1B52;10.02.2017 13:50;Euston;1B52;10.02.2017 15:16;Miles;112.95
10.02.2017;20170210_VW937_1H61;1H61;0;VW937;20170210_VW937;UK390047;Euston;1H61;10.02.2017 06:36;ManchstrP;1H61;10.02.2017 08:46;Miles;188.93
10.02.2017;20170210_VW937_5H61;5H61;0;VW937;20170210_VW937;UK390047;WembleyID;5H61;10.02.2017 05:28;Euston;5H61;10.02.2017 05:49;Miles;7.May
10.02.2017;20170210_VW937_5S85;5S85;0;VW937;20170210_VW937;UK390047;Glas Cen.;5S85;10.02.2017 21:33;PoldieCMD;5S85;10.02.2017 21:43;Miles;Þub.15
10.02.2017;20170210_VW937_9G19;9G19;0;VW937;20170210_VW937;UK390047;Euston;9G19;10.02.2017 12:03;New St.;9G19;10.02.2017 13:26;Miles;112.95
10.02.2017;20170210_VW937_9S85;9S85;1;VW937;20170210_VW937;UK390047;Euston;9S85;10.02.2017 15:43;New St.;9S85;10.02.2017 17:05;Miles;112.95
10.02.2017;20170210_VW937_9S85d2;9S85;2;VW937;20170210_VW937;UK390047;New St.;9S85;10.02.2017 17:15;Glas Cen.;9S85;10.02.2017 21:12;Miles;298
10.02.2017;20170210_VW938_1A37;1A37;0;VW938;20170210_VW938;UK390045;ManchstrP;1A37;10.02.2017 13:15;Euston;1A37;10.02.2017 15:28;Miles;183.67
10.02.2017;20170210_VW938_1A65;1A65;0;VW938;20170210_VW938;UK390045;Lime St;1A65;10.02.2017 18:47;Euston;1A65;10.02.2017 21:02;Miles;193.71
10.02.2017;20170210_VW938_1F20;1F20;0;VW938;20170210_VW938;UK390045;Euston;1F20;10.02.2017 16:07;Lime St;1F20;10.02.2017 18:19;Miles;193.71
10.02.2017;20170210_VW938_1H13;1H13;0;VW938;20170210_VW938;UK390117;Euston;1H13;10.02.2017 21:40;ManchstrP;1H13;10.02.2017 23:50;Miles;183.67
10.02.2017;20170210_VW938_1H65;1H65;0;VW938;20170210_VW938;UK390045;Euston;1H65;10.02.2017 10:40;ManchstrP;1H65;10.02.2017 12:46;Miles;188.93
10.02.2017;20170210_VW938_1R26;1R26;0;VW938;20170210_VW938;UK390156;New St.;1R26;10.02.2017 08:30;Euston;1R26;10.02.2017 09:53;Miles;112.95
10.02.2017;20170210_VW938_5G02;5G02;0;VW938;20170210_VW938;UK390156;WembleyID;5G02;10.02.2017 05:07;Euston;5G02;10.02.2017 05:26;Miles;7.May
10.02.2017;20170210_VW938_5H13;5H13;0;VW938;20170210_VW938;UK390117;ManchstrP;5H13;11.02.2017 00:19;LongstCMD;5H13;11.02.2017 00:30;Miles;Oca.68
10.02.2017;20170210_VW938_9G02;9G02;0;VW938;20170210_VW938;UK390156;Euston;9G02;10.02.2017 06:20;New St.;9G02;10.02.2017 07:45;Miles;112.95
10.02.2017;20170210_VW939_5M51;5M51;0;VW939;20170210_VW939;UK390013;PoldieCMD;5M51;10.02.2017 07:28;Glas Cen.;5M51;10.02.2017 07:42;Miles;Þub.15
10.02.2017;20170210_VW939_5S80;5S80;1;VW939;20170210_VW939;UK390013;Edinburgh;5S80;10.02.2017 20:49;WCML_na;5S80;10.02.2017 21:14;Miles;28.72
10.02.2017;20170210_VW939_5S80d2;5S80;2;VW939;20170210_VW939;UK390013;WCML_na;5S80;10.02.2017 21:29;Glas Cen.;5S80;10.02.2017 22:09;Miles;29.16
10.02.2017;20170210_VW939_5S80d3;5S80;3;VW939;20170210_VW939;UK390013;Glas Cen.;5S80;10.02.2017 22:38;PoldieCMD;5S80;10.02.2017 22:48;Miles;Þub.15
10.02.2017;20170210_VW939_9M51;9M51;1;VW939;20170210_VW939;UK390013;Glas Cen.;9M51;10.02.2017 08:00;New St.;9M51;10.02.2017 12:05;Miles;298
10.02.2017;20170210_VW939_9M51d2;9M51;2;VW939;20170210_VW939;UK390013;New St.;9M51;10.02.2017 12:10;Euston;9M51;10.02.2017 13:33;Miles;112.95
10.02.2017;20170210_VW939_9S80;9S80;1;VW939;20170210_VW939;UK390013;Euston;9S80;10.02.2017 14:43;New St.;9S80;10.02.2017 16:04;Miles;112.95
10.02.2017;20170210_VW939_9S80d2;9S80;2;VW939;20170210_VW939;UK390013;New St.;9S80;10.02.2017 16:15;Edinburgh;9S80;10.02.2017 20:23;Miles;295.66
10.02.2017;20170210_VW940_1H01;1H01;0;VW940;20170210_VW940;UK390039;Euston;1H01;10.02.2017 18:00;ManchstrP;1H01;10.02.2017 20:05;Miles;183.67
10.02.2017;20170210_VW940_1M13;1M13;0;VW940;20170210_VW940;UK390039;Glas Cen.;1M13;10.02.2017 12:40;Euston;1M13;10.02.2017 17:11;Miles;401.49
10.02.2017;20170210_VW940_1S42;1S42;0;VW940;20170210_VW940;UK390039;Euston;1S42;10.02.2017 07:30;Glas Cen.;1S42;10.02.2017 11:59;Miles;401.49
10.02.2017;20170210_VW940_5H01;5H01;0;VW940;20170210_VW940;UK390039;ManchstrP;5H01;10.02.2017 20:33;LongstCMD;5H01;10.02.2017 20:44;Miles;Oca.68
10.02.2017;20170210_VW940_5S42;5S42;0;VW940;20170210_VW940;UK390039;WembleyID;5S42;10.02.2017 06:43;Euston;5S42;10.02.2017 07:02;Miles;7.May
10.02.2017;20170210_VW941_1A36;1A36;0;VW941;20170210_VW941;UK390151;ManchstrP;1A36;10.02.2017 12:55;Euston;1A36;10.02.2017 15:09;Miles;188.93
10.02.2017;20170210_VW941_1A62;1A62;0;VW941;20170210_VW941;UK390151;ManchstrP;1A62;10.02.2017 18:15;Euston;1A62;10.02.2017 20:21;Miles;183.67
10.02.2017;20170210_VW941_1F28;1F28;0;VW941;20170210_VW941;UK390151;Euston;1F28;10.02.2017 21:07;Lime St;1F28;10.02.2017 23:34;Miles;193.71
10.02.2017;20170210_VW941_1H18;1H18;0;VW941;20170210_VW941;UK390151;Euston;1H18;10.02.2017 10:20;ManchstrP;1H18;10.02.2017 12:28;Miles;183.67
10.02.2017;20170210_VW941_1H70;1H70;0;VW941;20170210_VW941;UK390151;Euston;1H70;10.02.2017 15:40;ManchstrP;1H70;10.02.2017 17:46;Miles;188.93
10.02.2017;20170210_VW941_1R25;1R25;0;VW941;20170210_VW941;UK390151;ManchstrP;1R25;10.02.2017 07:35;Euston;1R25;10.02.2017 09:49;Miles;183.67
10.02.2017;20170210_VW941_5F28;5F28;0;VW941;20170210_VW941;UK390151;Lime St;5F28;11.02.2017 00:15;EdgeHlDHS;5F28;11.02.2017 00:25;Miles;1.May
10.02.2017;20170210_VW941_5R25;5R25;0;VW941;20170210_VW941;UK390151;LongstCMD;5R25;10.02.2017 06:43;ManchstrP;5R25;10.02.2017 06:54;Miles;Oca.68
10.02.2017;20170210_VW942_1A32;1A32;0;VW942;20170210_VW942;UK390127;ManchstrP;1A32;10.02.2017 12:15;Euston;1A32;10.02.2017 14:21;Miles;183.67
10.02.2017;20170210_VW942_1B70;1B70;0;VW942;20170210_VW942;UK390129;New St.;1B70;10.02.2017 16:50;Euston;1B70;10.02.2017 18:14;Miles;112.95
10.02.2017;20170210_VW942_1H64;1H64;0;VW942;20170210_VW942;UK390127;Euston;1H64;10.02.2017 09:40;ManchstrP;1H64;10.02.2017 11:46;Miles;188.93
10.02.2017;20170210_VW942_1H73;1H73;0;VW942;20170210_VW942;UK390138;Euston;1H73;10.02.2017 18:40;ManchstrP;1H73;10.02.2017 20:52;Miles;188.93
10.02.2017;20170210_VW942_1R19;1R19;0;VW942;20170210_VW942;UK390127;Lime St;1R19;10.02.2017 07:00;Euston;1R19;10.02.2017 09:04;Miles;193.71
10.02.2017;20170210_VW942_5G73;5G73;1;VW942;20170210_VW942;UK390138;ManchstrP;5G73;10.02.2017 21:08;Wolvrhptn;5G73;10.02.2017 23:28;Miles;77.35
10.02.2017;20170210_VW942_5G73d2;5G73;2;VW942;20170210_VW942;UK390138;Wolvrhptn;5G73;10.02.2017 23:43;Oxley CMD;5G73;10.02.2017 23:48;Miles;1.May
10.02.2017;20170210_VW942_5R19;5R19;0;VW942;20170210_VW942;UK390127;EdgeHlDHS;5R19;10.02.2017 06:00;Lime St;5R19;10.02.2017 06:10;Miles;1.May
10.02.2017;20170210_VW942_9G28;9G28;0;VW942;20170210_VW942;UK390129;Euston;9G28;10.02.2017 15:03;New St.;9G28;10.02.2017 16:26;Miles;112.95
10.02.2017;20170210_VW943_1H83;1H83;0;VW943;20170210_VW943;UK390131;Euston;1H83;10.02.2017 18:57;ManchstrP;1H83;10.02.2017 21:10;Miles;188.93
10.02.2017;20170210_VW943_5A99;5A99;1;VW943;20170210_VW943;UK390131;ManchstrP;5A99;10.02.2017 21:31;WCML_na;5A99;10.02.2017 22:29;Miles;55.34
10.02.2017;20170210_VW943_5A99d2;5A99;2;VW943;20170210_VW943;UK390131;WCML_na;5A99;10.02.2017 22:32;WembleyID;5A99;11.02.2017 01:02;Miles;132.29
10.02.2017;20170210_VW944_1A74;1A74;0;VW944;20170210_VW944;UK390130;Lime St;1A74;10.02.2017 20:48;Euston;1A74;10.02.2017 23:43;Miles;193.71
10.02.2017;20170210_VW944_1F24;1F24;0;VW944;20170210_VW944;UK390130;Euston;1F24;10.02.2017 18:07;Lime St;1F24;10.02.2017 20:20;Miles;193.71
10.02.2017;20170210_VW944_5A24;5A24;0;VW944;20170210_VW944;UK390132;LongstCMD;5A24;10.02.2017 14:09;Euston;5A24;10.02.2017 17:30;Miles;187.92
10.02.2017;20170210_VW944_5A74;5A74;0;VW944;20170210_VW944;UK390130;Euston;5A74;11.02.2017 00:22;WembleyID;5A74;11.02.2017 00:41;Miles;7.May
10.02.2017;20170210_VW945_1S39;1S39;0;VW945;20170210_VW945;UK390006;New St.;1S39;10.02.2017 07:16;Glas Cen.;1S39;10.02.2017 11:15;Miles;298
10.02.2017;20170210_VW945_5G37;5G37;0;VW945;20170210_VW945;UK390020;Wolvrhptn;5G37;10.02.2017 20:07;Oxley CMD;5G37;10.02.2017 20:12;Miles;1.May
10.02.2017;20170210_VW945_5S39;5S39;0;VW945;20170210_VW945;UK390006;Oxley CMD;5S39;10.02.2017 05:59;New St.;5S39;10.02.2017 07:00;Miles;16.95
10.02.2017;20170210_VW945_9G37;9G37;1;VW945;20170210_VW945;UK390020;Euston;9G37;10.02.2017 18:03;New St.;9G37;10.02.2017 19:26;Miles;112.95
10.02.2017;20170210_VW945_9G37d2;9G37;2;VW945;20170210_VW945;UK390132;Euston;9G37;10.02.2017 18:03;New St.;9G37;10.02.2017 19:26;Miles;112.95
10.02.2017;20170210_VW945_9G37d3;9G37;3;VW945;20170210_VW945;UK390020;New St.;9G37;10.02.2017 19:28;Wolvrhptn;9G37;10.02.2017 19:59;Miles;15.65
10.02.2017;20170210_VW945_9M55;9M55;1;VW945;20170210_VW945;UK390006;Glas Cen.;9M55;10.02.2017 12:00;New St.;9M55;10.02.2017 16:05;Miles;298
10.02.2017;20170210_VW945_9M55d2;9M55;2;VW945;20170210_VW945;UK390006;New St.;9M55;10.02.2017 16:10;Euston;9M55;10.02.2017 17:33;Miles;112.95
10.02.2017;20170210_VW946_1A44;1A44;0;VW946;20170210_VW946;UK390002;ManchstrP;1A44;10.02.2017 14:35;Euston;1A44;10.02.2017 16:40;Miles;183.67
10.02.2017;20170210_VW946_1F23;1F23;0;VW946;20170210_VW946;UK390009;Euston;1F23;10.02.2017 17:33;Lime St;1F23;10.02.2017 19:52;Miles;193.71
10.02.2017;20170210_VW946_1H23;1H23;0;VW946;20170210_VW946;UK390002;Euston;1H23;10.02.2017 12:00;ManchstrP;1H23;10.02.2017 14:04;Miles;183.67
10.02.2017;20170210_VW946_1M07;1M07;0;VW946;20170210_VW946;UK390118;Glas Cen.;1M07;10.02.2017 06:30;Euston;1M07;10.02.2017 11:11;Miles;401.49
10.02.2017;20170210_VW946_5F23;5F23;0;VW946;20170210_VW946;UK390009;Lime St;5F23;10.02.2017 20:12;EdgeHlDHS;5F23;10.02.2017 20:22;Miles;1.May
10.02.2017;20170210_VW946_5M07;5M07;0;VW946;20170210_VW946;UK390118;PoldieDHS;5M07;10.02.2017 06:00;Glas Cen.;5M07;10.02.2017 06:10;Miles;Þub.15
10.02.2017;20170210_VW947_1A22;1A22;0;VW947;20170210_VW947;UK390005;ManchstrP;1A22;10.02.2017 10:15;Euston;1A22;10.02.2017 12:20;Miles;183.67
10.02.2017;20170210_VW947_1A49;1A49;0;VW947;20170210_VW947;UK390130;ManchstrP;1A49;10.02.2017 15:35;Euston;1A49;10.02.2017 17:40;Miles;183.67
10.02.2017;20170210_VW947_1A75;1A75;0;VW947;20170210_VW947;UK390006;ManchstrP;1A75;10.02.2017 21:15;Euston;1A75;10.02.2017 23:48;Miles;183.67
10.02.2017;20170210_VW947_1H02;1H02;0;VW947;20170210_VW947;UK390006;Euston;1H02;10.02.2017 18:20;ManchstrP;1H02;10.02.2017 20:28;Miles;183.67
10.02.2017;20170210_VW947_1H26;1H26;0;VW947;20170210_VW947;UK390005;Euston;1H26;10.02.2017 13:00;ManchstrP;1H26;10.02.2017 15:04;Miles;183.67
10.02.2017;20170210_VW947_1H62;1H62;0;VW947;20170210_VW947;UK390005;Euston;1H62;10.02.2017 07:35;ManchstrP;1H62;10.02.2017 09:45;Miles;188.93
10.02.2017;20170210_VW947_1R00;1R00;1;VW947;20170210_VW947;UK390005;Wolvrhptn;1R00;10.02.2017 05:00;New St.;1R00;10.02.2017 05:26;Miles;Ara.89
10.02.2017;20170210_VW947_1R00d2;1R00;2;VW947;20170210_VW947;UK390005;New St.;1R00;10.02.2017 05:29;Euston;1R00;10.02.2017 07:05;Miles;112.95
10.02.2017;20170210_VW947_5A75;5A75;0;VW947;20170210_VW947;UK390006;Euston;5A75;11.02.2017 00:26;WembleyID;5A75;11.02.2017 00:45;Miles;7.May
10.02.2017;20170210_VW947_5R00;5R00;0;VW947;20170210_VW947;UK390005;Oxley CMD;5R00;10.02.2017 04:40;Wolvrhptn;5R00;10.02.2017 04:45;Miles;1.May
10.02.2017;20170210_VW948_1A14;1A14;0;VW948;20170210_VW948;UK390154;ManchstrP;1A14;10.02.2017 08:35;Euston;1A14;10.02.2017 10:51;Miles;183.67
10.02.2017;20170210_VW948_1A41;1A41;0;VW948;20170210_VW948;UK390154;ManchstrP;1A41;10.02.2017 13:55;Euston;1A41;10.02.2017 16:02;Miles;188.93
10.02.2017;20170210_VW948_1A67;1A67;0;VW948;20170210_VW948;UK390154;ManchstrP;1A67;10.02.2017 19:15;Euston;1A67;10.02.2017 21:23;Miles;183.67
10.02.2017;20170210_VW948_1H21;1H21;0;VW948;20170210_VW948;UK390154;Euston;1H21;10.02.2017 11:20;ManchstrP;1H21;10.02.2017 13:28;Miles;183.67
10.02.2017;20170210_VW948_1H71;1H71;0;VW948;20170210_VW948;UK390154;Euston;1H71;10.02.2017 16:40;ManchstrP;1H71;10.02.2017 18:46;Miles;188.93
10.02.2017;20170210_VW948_5A14;5A14;0;VW948;20170210_VW948;UK390154;LongstCMD;5A14;10.02.2017 07:51;ManchstrP;5A14;10.02.2017 08:02;Miles;Oca.68
10.02.2017;20170210_VW948_5A67;5A67;0;VW948;20170210_VW948;UK390154;Euston;5A67;10.02.2017 21:48;WembleyID;5A67;10.02.2017 22:07;Miles;7.May
10.02.2017;20170210_VW949_1A60;1A60;0;VW949;20170210_VW949;UK390157;Lime St;1A60;10.02.2017 17:47;Euston;1A60;10.02.2017 20:04;Miles;193.71
10.02.2017;20170210_VW949_1F19;1F19;0;VW949;20170210_VW949;UK390157;Euston;1F19;10.02.2017 15:07;Lime St;1F19;10.02.2017 17:20;Miles;193.71
10.02.2017;20170210_VW949_1P07;1P07;0;VW949;20170210_VW949;UK390157;Euston;1P07;10.02.2017 20:30;Preston;1P07;10.02.2017 22:48;Miles;209.05
10.02.2017;20170210_VW949_1R28;1R28;0;VW949;20170210_VW949;UK390123;ManchstrP;1R28;10.02.2017 07:55;Euston;1R28;10.02.2017 10:16;Miles;188.93
10.02.2017;20170210_VW949_5F19;5F19;0;VW949;20170210_VW949;UK390157;WembleyID;5F19;10.02.2017 13:46;Euston;5F19;10.02.2017 14:05;Miles;7.May
10.02.2017;20170210_VW949_5H00;5H00;0;VW949;20170210_VW949;UK390157;Preston;5H00;10.02.2017 23:03;LongstCMD;5H00;10.02.2017 23:57;Miles;38.01
10.02.2017;20170210_VW949_5R28;5R28;1;VW949;20170210_VW949;UK390123;LongstCMD;5R28;10.02.2017 07:09;ManchstrP;5R28;10.02.2017 07:20;Miles;Oca.68
10.02.2017;20170210_VW949_5R28d2;5R28;2;VW949;20170210_VW949;UK390157;Euston;5R28;10.02.2017 10:49;WembleyID;5R28;10.02.2017 11:08;Miles;7.May
10.02.2017;20170210_VW950_1B82;1B82;0;VW950;20170210_VW950;UK390040;New St.;1B82;10.02.2017 18:50;Euston;1B82;10.02.2017 20:15;Miles;112.95
10.02.2017;20170210_VW950_1S36;1S36;0;VW950;20170210_VW950;UK390044;New St.;1S36;10.02.2017 06:16;Edinburgh;1S36;10.02.2017 10:17;Miles;295.66
10.02.2017;20170210_VW950_5G45;5G45;0;VW950;20170210_VW950;UK390040;Wolvrhptn;5G45;10.02.2017 22:40;Oxley CMD;5G45;10.02.2017 22:45;Miles;1.May
10.02.2017;20170210_VW950_5S36;5S36;0;VW950;20170210_VW950;UK390044;Oxley CMD;5S36;10.02.2017 05:19;New St.;5S36;10.02.2017 05:47;Miles;14.39
10.02.2017;20170210_VW950_9G34;9G34;0;VW950;20170210_VW950;UK390040;Euston;9G34;10.02.2017 17:03;New St.;9G34;10.02.2017 18:26;Miles;112.95
10.02.2017;20170210_VW950_9G45;9G45;1;VW950;20170210_VW950;UK390040;Euston;9G45;10.02.2017 20:43;New St.;9G45;10.02.2017 22:05;Miles;112.95
10.02.2017;20170210_VW950_9G45d2;9G45;2;VW950;20170210_VW950;UK390040;New St.;9G45;10.02.2017 22:08;Wolvrhptn;9G45;10.02.2017 22:28;Miles;Ara.89
10.02.2017;20170210_VW950_9M54;9M54;1;VW950;20170210_VW950;UK390044;Edinburgh;9M54;10.02.2017 10:51;New St.;9M54;10.02.2017 15:05;Miles;295.66
10.02.2017;20170210_VW950_9M54d2;9M54;2;VW950;20170210_VW950;UK390044;New St.;9M54;10.02.2017 15:10;Euston;9M54;10.02.2017 16:32;Miles;112.95
10.02.2017;20170210_VW956_1P05;1P05;0;VW956;20170210_VW956;UK390049;Euston;1P05;10.02.2017 18:46;Preston;1P05;10.02.2017 21:31;Miles;209.05
10.02.2017;20170210_VW956_5B05;5B05;0;VW956;20170210_VW956;UK390141;Oxley CMD;5B05;10.02.2017 13:48;Euston;5B05;10.02.2017 16:06;Miles;126.19
10.02.2017;20170210_VW956_5G05;5G05;1;VW956;20170210_VW956;UK390049;Preston;5G05;10.02.2017 22:15;Wolvrhptn;5G05;10.02.2017 23:50;Miles;90.78
10.02.2017;20170210_VW956_5G05d2;5G05;2;VW956;20170210_VW956;UK390049;Wolvrhptn;5G05;11.02.2017 00:11;Oxley CMD;5G05;11.02.2017 00:16;Miles;1.May
